<?xml version="1.0" encoding="utf-8" ?><dwsync><file name="test.html" server="wcd.aid.design.kyushu-u.ac.jp/public_html/" local="3526856722" remote="3526889220" Dst="-1" /><file name="mikan.jpg" server="wcd.aid.design.kyushu-u.ac.jp/public_html/" local="3526607803" remote="3526640100" Dst="-1" /><file name="test.css" server="wcd.aid.design.kyushu-u.ac.jp/public_html/" local="3526857967" remote="3526890240" Dst="-1" /><file name="geiko.css" server="wcd.aid.design.kyushu-u.ac.jp/public_html/" local="3526868450" remote="3526900800" Dst="-1" /><file name="geiko.html" server="wcd.aid.design.kyushu-u.ac.jp/public_html/" local="3526868320" remote="3526900620" Dst="-1" /><file name="pic1.png" server="wcd.aid.design.kyushu-u.ac.jp/public_html/" local="3526866172" remote="3526899600" Dst="-1" /><file name="pic2.png" server="wcd.aid.design.kyushu-u.ac.jp/public_html/" local="3526866791" remote="3526899600" Dst="-1" /><file name="pic3.png" server="wcd.aid.design.kyushu-u.ac.jp/public_html/" local="3526867877" remote="3526900260" Dst="-1" /><file name="pic4.png" server="wcd.aid.design.kyushu-u.ac.jp/public_html/" local="3526867906" remote="3526900260" Dst="-1" /><file name="geiko.css" server="wcd.aid.design.kyushu-u.ac.jp//public_html/" local="3527210358" remote="3527210700" Dst="-1" /><file name="geiko.html" server="wcd.aid.design.kyushu-u.ac.jp//public_html/" local="3527208992" remote="3527209020" Dst="-1" /><file name="mikan.jpg" server="wcd.aid.design.kyushu-u.ac.jp//public_html/" local="3526607803" remote="3527201820" Dst="-1" /><file name="pic1.png" server="wcd.aid.design.kyushu-u.ac.jp//public_html/" local="3526866172" remote="3527201820" Dst="-1" /><file name="pic3.png" server="wcd.aid.design.kyushu-u.ac.jp//public_html/" local="3526867877" remote="3527201820" Dst="-1" /><file name="pic2.png" server="wcd.aid.design.kyushu-u.ac.jp//public_html/" local="3526866791" remote="3527201820" Dst="-1" /><file name="test.css" server="wcd.aid.design.kyushu-u.ac.jp//public_html/" local="3526857967" remote="3527201820" Dst="-1" /><file name="test.html" server="wcd.aid.design.kyushu-u.ac.jp//public_html/" local="3526856722" remote="3527201820" Dst="-1" /><file name="pic4.png" server="wcd.aid.design.kyushu-u.ac.jp//public_html/" local="3526867906" remote="3527201820" Dst="-1" /><file name="wcd.ste" server="wcd.aid.design.kyushu-u.ac.jp//public_html/" local="3527201870" remote="3527201820" Dst="-1" /><file name="pic5.png" server="wcd.aid.design.kyushu-u.ac.jp//public_html/" local="3527208379" remote="3527209020" Dst="-1" /><file name="pic6.png" server="wcd.aid.design.kyushu-u.ac.jp//public_html/" local="3527208570" remote="3527209020" Dst="-1" /><file name="test.php" server="wcd.aid.design.kyushu-u.ac.jp//public_html/" local="3527213892" remote="3527213820" Dst="-1" /><file name="phpinput.html" server="wcd.aid.design.kyushu-u.ac.jp//public_html/" local="3527213442" remote="3527213340" Dst="-1" /><file name="yontaku.html" server="wcd.aid.design.kyushu-u.ac.jp//public_html/" local="3527730786" remote="3527730720" Dst="-1" /><file name="yontaku.png" server="wcd.aid.design.kyushu-u.ac.jp//public_html/" local="3527722095" remote="3527722380" Dst="-1" /><file name="kaiseki.php" server="wcd.aid.design.kyushu-u.ac.jp//public_html/" local="3527730693" remote="3527730600" Dst="-1" /><file name="pointout.php" server="wcd.aid.design.kyushu-u.ac.jp//public_html/" local="3527805841" remote="3527805780" Dst="-1" /><file name="yakyu.php" server="wcd.aid.design.kyushu-u.ac.jp//public_html/" local="3528422490" remote="3528422460" Dst="-1" /><file name="people.php" server="wcd.aid.design.kyushu-u.ac.jp//public_html/" local="3528423130" remote="3528423060" Dst="-1" /><file name="inputdatabase.html" server="wcd.aid.design.kyushu-u.ac.jp//public_html/" local="3528423993" remote="3528424200" Dst="-1" /><file name="registerperson.php" server="wcd.aid.design.kyushu-u.ac.jp//public_html/" local="3528425003" remote="3528424920" Dst="-1" /><file name="file.txt" server="wcd.aid.design.kyushu-u.ac.jp//public_html/" local="3529285517" remote="3529285440" Dst="-1" /><file name="readandshowcsv.php" server="wcd.aid.design.kyushu-u.ac.jp//public_html/" local="3529285495" remote="3529285440" Dst="-1" /><file name="books.xml" server="wcd.aid.design.kyushu-u.ac.jp//public_html/" local="3529889628" remote="3529891500" Dst="-1" /><file name="BookSearchInput.html" server="wcd.aid.design.kyushu-u.ac.jp//public_html/" local="3530236979" remote="3530236980" Dst="-1" /><file name="BookSearch.php" server="wcd.aid.design.kyushu-u.ac.jp//public_html/" local="3530237771" remote="3530237760" Dst="-1" /><file name="json.php" server="wcd.aid.design.kyushu-u.ac.jp//public_html/" local="3529892639" remote="3530235000" Dst="-1" /><file name="simplebbs.php" server="wcd.aid.design.kyushu-u.ac.jp//public_html/" local="3530238912" remote="3530238900" Dst="-1" /></dwsync>